Page_URL,business_address
https://www.amazon.com/sp?ie=UTF8&seller=A01346101GVXYL7RVRJZ1&isAmazonFulfilled=1,"Business Address:
14752 Sinclair Circle #B
Tustin
CA
92780
US"
https://www.amazon.com/sp?ie=UTF8&seller=A02822941LP7K85IPCEQ1&isAmazonFulfilled=1,"Business Address:
103 montessa way
San Marcos
CA
92069
US"
https://www.amazon.com/sp?ie=UTF8&seller=A07158422UUJPVQH07HD3&isAmazonFulfilled=1,"Business Address:
1525 PROSPECT ST UNIT 5
LAKEWOOD
NJ
08701-4642
US"
https://www.amazon.com/sp?ie=UTF8&seller=A10Y1FVRWDOU8&isAmazonFulfilled=1,"Business Address:
289 Geelong Road
Kingsville
3012
AU"
https://www.amazon.com/sp?ie=UTF8&seller=A07158422UUJPVQH07HD3&isAmazonFulfilled=1,"Business Address:
Tirgu Neamt Nr.28
Bloc MIIb8/1,Scara B, Etaj 2,Ap.53
Bucuresti
Sector 6
062061
RO"
https://www.amazon.com/sp?ie=UTF8&seller=A1104YCLY9013E&isAmazonFulfilled=1,"Business Address:
康淮工业园1号厂房1001-J
观澜街道大富社区平安路60号
深圳市
龙华
广东省
518110
CN"
https://www.amazon.com/sp?ie=UTF8&seller=A099732129ZR3TG6W49C7&isAmazonFulfilled=1,"Business Address:
909 A Lynn Lane
Starkville
MS
39759
US"
https://www.amazon.com/sp?ie=UTF8&seller=A1257R2A4UH4UM&isAmazonFulfilled=1,"Business Address:
3940-7 Broad Street
#177
San Luis Obispo
CA
93401
US"
https://www.amazon.com/sp?ie=UTF8&seller=A1009J4KTZCSY3&isAmazonFulfilled=1,"Business Address:
longgangquhenggangjiedaochangjiangpulu
73-1haoshangchengdasha6ceng10fang
shenzhen
guangdong
518115
CN"
https://www.amazon.com/sp?ie=UTF8&seller=A111JJPED7Q3IR&isAmazonFulfilled=1,"Business Address:
qiaoxiqu zhongshanxilu 258hao jiataidasha 1412
shijiazhuang
hebei
050083
CN"
https://www.amazon.com/sp?ie=UTF8&seller=A125IGPOG1XJRV&isAmazonFulfilled=1,"Business Address:
A4 Buidling A-2, Yingfeng Road
Gangtou Village, Guanlan, Longhua
Shenzhen
Guangdong
518000
CN"
https://www.amazon.com/sp?ie=UTF8&seller=A10111992WJRYRFBZH9IS&isAmazonFulfilled=1,"Business Address:
235 Rue Ness
Saint-Laurent
Quebec
H4T 1S1
CA"
https://www.amazon.com/sp?ie=UTF8&seller=A112LKWDACT0Z4&isAmazonFulfilled=1,"Business Address:
1004 New Holland Ave
Lancaster
PA
17601
US"
https://www.amazon.com/sp?ie=UTF8&seller=A139V5E9ZU2K5Q&isAmazonFulfilled=1,"Business Address:
Room 502, Building 120, Dakan Village, Xili Town
Nanshan District
Shenzhen
Guangdong
518000
CN"
https://www.amazon.com/sp?ie=UTF8&seller=A126YES7K8MB3L&isAmazonFulfilled=1,"Business Address:
11442 E Stanton Cir
Mesa
AZ
85212
US"
https://www.amazon.com/sp?ie=UTF8&seller=A113XQ83H3H2QA&isAmazonFulfilled=1,"Business Address:
406 Ross
Sunbury
Ohio
43074
US"
https://www.amazon.com/sp?ie=UTF8&seller=A101F4E0SEQ2UI&isAmazonFulfilled=1,"Business Address:
longgangqulongchengjiedaolongxiyayuan
10dong706
shenzhen
guangdong
518116
CN"
https://www.amazon.com/sp?ie=UTF8&seller=A148LVWP1S42BB&isAmazonFulfilled=1,"Business Address:
45hao 4haozonghelou601hao
bujijiedao dexingshequ yuebaolu
longgangqu
ShenZhen Guang Dong
518000
CN"
https://www.amazon.com/sp?ie=UTF8&seller=A128DUF2IW6JOQ&isAmazonFulfilled=1,"Business Address:
220 STAMFORD LN
ROMEOVILLE
Illinois
60446-5029
US"
https://www.amazon.com/sp?ie=UTF8&seller=A13AY4E7Y4WQV0&isAmazonFulfilled=1,"Business Address:
105 and 106 of 54# building, Huitai industrial park
huizhou
guangdong
516000
CN"
https://www.amazon.com/sp?ie=UTF8&seller=A101HXQMF7KKCP&isAmazonFulfilled=1,"Business Address:
chengyin road
baoshan
shanghai
Shanghai
200444
CN"
https://www.amazon.com/sp?ie=UTF8&seller=A1183FXVHL6601&isAmazonFulfilled=1,"Business Address:
西乡大道288号华丰总部经济大厦D座209房
深圳
宝安区
广东
518102
CN"
https://www.amazon.com/sp?ie=UTF8&seller=A12C65DCMLQ8BR&isAmazonFulfilled=1,"Business Address:
208 Jiayidasha Fanshenlu Xinanjiedao
Shenzhen
Guangdong
518101
CN"
https://www.amazon.com/sp?ie=UTF8&seller=A1043207150639GG81CHV&isAmazonFulfilled=1,"Business Address:
618 South Pacific Hwy
Talent
Oregon
97540
US"
https://www.amazon.com/sp?ie=UTF8&seller=A15G4HDIBJ004P&isAmazonFulfilled=1,"Business Address:
PERIODIC TABLEWARE 84 CENTER ST
SHELTON
CT
06484-3242
US"
https://www.amazon.com/sp?ie=UTF8&seller=A119C2XOJA1BYV&isAmazonFulfilled=1,"Business Address:
天回镇下街76号1楼44号
成都市
金牛区
四川省
610000
CN"
https://www.amazon.com/sp?ie=UTF8&seller=A148P63SEFS10O&isAmazonFulfilled=1,"Business Address:
30 N Gould St Ste R
Sheridan
WY
82801
US"
https://www.amazon.com/sp?ie=UTF8&seller=A12CJGV4PODFIR&isAmazonFulfilled=1,"Business Address:
Room 1405 Building 5 No.768 Jianghong Road,Changhe Jiedao
Binjiang District,Hangzhou City
Zhejiang Province
310051
CN"
https://www.amazon.com/sp?ie=UTF8&seller=A16BZUSQG34N7V&isAmazonFulfilled=1,"Business Address:
longgangquhenggangjiedaohengyiluyuexinyuan2dongyidanyuan10B
shenzhen
guangdong
518115
CN"
https://www.amazon.com/sp?ie=UTF8&seller=A13BDCSQ4Y7E04&isAmazonFulfilled=1,"Business Address:
NO. 2 Ground floor
NO.107 Xuanhua Road
Qingdao
Shandong
266031
CN"
https://www.amazon.com/sp?ie=UTF8&seller=A1045KPXLOXNL8&isAmazonFulfilled=1,"Business Address:
463 Broadway Drive
Sun Prairie
WI
53590
US"
https://www.amazon.com/sp?ie=UTF8&seller=A11C5X25C1R17E&isAmazonFulfilled=1,"Business Address:
咸西社区德政中路
239号二楼B区
东莞市
长安镇
广东省
523850
CN"
https://www.amazon.com/sp?ie=UTF8&seller=A13CUZM34BQTOS&isAmazonFulfilled=1,"Business Address:
中山南路126号宿舍1栋4-6-2号
桂林市
象山区
广西壮族自治区
541002
CN"
https://www.amazon.com/sp?ie=UTF8&seller=A15GR6RJ8XIKDR&isAmazonFulfilled=1,"Business Address:
8687 RESEARCH DR STE 150
#150
Irvine
CA
92618-4290
US"
https://www.amazon.com/sp?ie=UTF8&seller=A12EZRGV1GFZFS&isAmazonFulfilled=1,"Business Address:
711 E Hackberry Drive
Arlington Heights
IL
60004
US"
https://www.amazon.com/sp?ie=UTF8&seller=A16KZWHXK7CE8X&isAmazonFulfilled=1,"Business Address:
金阳路112号
2栋9楼1号
成都市
青羊区
四川省
610000
CN"
https://www.amazon.com/sp?ie=UTF8&seller=A148Y5C400KBSB&isAmazonFulfilled=1,"Business Address:
280 BROADHOLLOW RD
FARMINGDALE
NY
11735-4805
US"
https://www.amazon.com/sp?ie=UTF8&seller=A106OV2NHLTD48&isAmazonFulfilled=1,"Business Address:
PO BOX 3218
Redmond
WA
98073
US"
https://www.amazon.com/sp?ie=UTF8&seller=A11DAY4N0K59OT&isAmazonFulfilled=1,"Business Address:
九曲塘机车修配场3号一楼101房
化州市
鉴江区
广东省
525100
CN"
https://www.amazon.com/sp?ie=UTF8&seller=A12G16DR31R6Y8&isAmazonFulfilled=1,"Business Address:
中山五路82号紫翠花园一期紫怡园1座2419房之七
中山市
东区
广东省
528400
CN"
https://www.amazon.com/sp?ie=UTF8&seller=A109A2VGTDODS4&isAmazonFulfilled=1,"Business Address:
No.64 Shakou Road. Industrial Design Industrial
Park No1 buliding,second floor, Room 201.
Zhongshan Xiaolan
Guangdong
528415
CN"
https://www.amazon.com/sp?ie=UTF8&seller=A15GU9XRYPZZNM&isAmazonFulfilled=1,"Business Address:
Kemp House
152-160 City Road
London
EC1V 2NX
GB"
https://www.amazon.com/sp?ie=UTF8&seller=A16N56TPS0RH8P&isAmazonFulfilled=1,"Business Address:
9709 WATTERSON TRL
LOUISVILLE
KY
40299-3452
US"
https://www.amazon.com/sp?ie=UTF8&seller=A11GTMC38Q8R02&isAmazonFulfilled=1,"Business Address:
PO Box 390030
Mountain View
CA
94040
US"
https://www.amazon.com/sp?ie=UTF8&seller=A149MMCU6P69S5&isAmazonFulfilled=1,"Business Address:
shen zhen shi long hua qu min zhi
jie dao min kang lu min tai da sha 631
shenzhen
guangdong
518000
CN"
https://www.amazon.com/sp?ie=UTF8&seller=A13K9I22IPI4EI&isAmazonFulfilled=1,"Business Address:
霞美镇梧坑村下田乾71号
泉州市
南安市
福建省
362300
CN"
https://www.amazon.com/sp?ie=UTF8&seller=A12HCI07EKZVU&isAmazonFulfilled=1,"Business Address:
永怡花园怡宝阁3栋505
中山市
石歧街道
广东省
528400
CN"
https://www.amazon.com/sp?ie=UTF8&seller=A109XCLFW73MAZ&isAmazonFulfilled=1,"Business Address:
2022 Oxford Ct
Schaumburg
IL
60194
US"
https://www.amazon.com/sp?ie=UTF8&seller=A11HC9SRN13WHM&isAmazonFulfilled=1,"Business Address:
No.11,Ju He South Road
ChangHong Village
GUANG ZHOU
GUANG DONG
510000
CN"
https://www.amazon.com/sp?ie=UTF8&seller=A16OFCJVLTDZJ0&isAmazonFulfilled=1,"Business Address:
西乡街道乐群社区乐园新村六巷9号704
深圳市
宝安区
广东省
518000
CN"
https://www.amazon.com/sp?ie=UTF8&seller=A10AL53ZIF5X7Q&isAmazonFulfilled=1,"Business Address:
2721 FORSYTH RD STE 107
WINTER PARK
FL
32792-8207
US"
https://www.amazon.com/sp?ie=UTF8&seller=A15H6XI8SJVOZR&isAmazonFulfilled=1,"Business Address:
华强北街道华强北路
赛格科技园4栋5楼A512
深圳
福田区
广东
518000
CN"
https://www.amazon.com/sp?ie=UTF8&seller=A13L0TYZ4TA7CC&isAmazonFulfilled=1,"Business Address:
Broward
Pompano Beach
Florida
33068
US"
https://www.amazon.com/sp?ie=UTF8&seller=A12HWOFRCUGHH&isAmazonFulfilled=1,"Business Address:
PO Box 8618
Armadale
Victoria
3143
AU"
https://www.amazon.com/sp?ie=UTF8&seller=A11IHZOCZ2QWPC&isAmazonFulfilled=1,"Business Address:
560 W MAIN ST STE C-212
ALHAMBRA
CA
91801-3374
US"
https://www.amazon.com/sp?ie=UTF8&seller=A14A6J21Z5MO08&isAmazonFulfilled=1,"Business Address:
1757 S 400 E
Winamac
IN
46996
US"
https://www.amazon.com/sp?ie=UTF8&seller=A10BG20U9CEPXB&isAmazonFulfilled=1,"Business Address:
新塘镇
岗尾村新村街五巷7号
广州市
增城区
广东省
511338
CN"
https://www.amazon.com/sp?ie=UTF8&seller=A16OSY0K1D43W3&isAmazonFulfilled=1,"Business Address:
144-42 Jewel Avenue
Flushing
New York
11367
US"
https://www.amazon.com/sp?ie=UTF8&seller=A12IBIWVY8VRAX&isAmazonFulfilled=1,"Business Address:
1830 Soscol Ave.
Suite C
Napa
CA
94559
US"
https://www.amazon.com/sp?ie=UTF8&seller=A11K4E1NV7JPH&isAmazonFulfilled=1,"Business Address:
1510 W. NorthLoop Blvd, ste 821
Austin
Texas
78756
US"
https://www.amazon.com/sp?ie=UTF8&seller=A10BG20U9CEPXB&isAmazonFulfilled=1,"Business Address:
6, KUSHAL BAGH, KESHAV NAGAR, UNIVERSITY ROAD
University road,
Udaipur
Rajasthan
313001
IN"
https://www.amazon.com/sp?ie=UTF8&seller=A15I6R76P0E0PP&isAmazonFulfilled=1,"Business Address:
zhaoyangbanshichuyaojiawancun29hao
yiyangshi
hunansheng
413000
CN"
https://www.amazon.com/sp?ie=UTF8&seller=A13N6ENP4J198R&isAmazonFulfilled=1,"Business Address:
红联九漾华庭西区中邮驿站
杭州
余杭
浙江
311199
CN"
https://www.amazon.com/sp?ie=UTF8&seller=A14CD6HQ9GMJII&isAmazonFulfilled=1,"Business Address:
longhuaxinquminzhijiedaomeilonglujindimeilongzhen
9dong22c
shenzhen
guangdong
518131
CN"
https://www.amazon.com/sp?ie=UTF8&seller=A12L6H3K9WFNTO&isAmazonFulfilled=1,"Business Address:
LUYANGQU MENGCHENGBEILU 2003 HAO
JUNJIEJIAHEDASHA 1001 SHI
HEFEISHI
ANHUISHENG
230041
CN"
https://www.amazon.com/sp?ie=UTF8&seller=A16RAC4GUY6BOJ&isAmazonFulfilled=1,"Business Address:
Dobrohonova st.15 f.331
Kiev
03142
UA"
https://www.amazon.com/sp?ie=UTF8&seller=A11K8REJS38EWZ&isAmazonFulfilled=1,"Business Address:
shiqiqu haijinggongyecun3、4、5 hao
4 haolou di1ceng zhi er
zhongshan
guangdong
524800
CN"
https://www.amazon.com/sp?ie=UTF8&seller=A10CBDBCOPZPH&isAmazonFulfilled=1,"Business Address:
2850 SE Market Place
Suite 1
Stuart
Florida
34997
US"
https://www.amazon.com/sp?ie=UTF8&seller=A16SZBMKQEFINK&isAmazonFulfilled=1,"Business Address:
8407 Central Ave
Ste 1611
NEWARK
CA
94560
US"
https://www.amazon.com/sp?ie=UTF8&seller=A14COK9ZB2NBPB&isAmazonFulfilled=1,"Business Address:
251 Terrace 52
Los Angeles
CA
90042
US"
https://www.amazon.com/sp?ie=UTF8&seller=A15IF5I8JUQA3C&isAmazonFulfilled=1,"Business Address:
布吉街道龙珠社区京南路20号
龙珠花园A区龙威阁16B
深圳市
龙岗区
518112
CN"
https://www.amazon.com/sp?ie=UTF8&seller=A12LKPR68WULZO&isAmazonFulfilled=1,"Business Address:
Hedongqu Chunhuagongyu
B qu 5 Menxiezilou 4 lou 408 hao
Tianjin
Tianjin
300000
CN"
https://www.amazon.com/sp?ie=UTF8&seller=A11L357EOQGZAP&isAmazonFulfilled=1,"Business Address:
Peng xin li du
changzhou
jiangsu
213000
CN"
https://www.amazon.com/sp?ie=UTF8&seller=A13NY75UXHSPDI&isAmazonFulfilled=1,"Business Address:
1504,building g, Jinyeming yuan
Xinan street, Baoan district
Shenzhen
518101
CN"
https://www.amazon.com/sp?ie=UTF8&seller=A10D6JIG3G6ZN&isAmazonFulfilled=1,"Business Address:
Longgang District, Shenzhen Sakata Street Jihua Road
Tianan Garden Pond West Third Lane on the 7th 403
ShenZhen
GuangDong
518000
CN"
https://www.amazon.com/sp?ie=UTF8&seller=A14CUC1LRMCT6S&isAmazonFulfilled=1,"Business Address:
4164 Duckpond Ct
Berkeley Lake
GA
30096
US"
https://www.amazon.com/sp?ie=UTF8&seller=A12MB1P4QI5RB6&isAmazonFulfilled=1,"Business Address:
sanbujiedaobanshichuxinchangtanjiangxilu
49-53haoshoucengzhier
kaipingshi
guangdongsheng
529300
CN"
https://www.amazon.com/sp?ie=UTF8&seller=A11LGSISRBMFZ&isAmazonFulfilled=1,"Business Address:
800 Palm Trail Suite 200/8
Suite 12
Delray Beach
Florida
33483
US"
https://www.amazon.com/sp?ie=UTF8&seller=A15IS36TC6QUHX&isAmazonFulfilled=1,"Business Address:
zhongshan dadao
jinbishijihuayuan 20dong
guangzhou
guangdong
518000
CN"
https://www.amazon.com/sp?ie=UTF8&seller=A16T8BH6F5JXMW&isAmazonFulfilled=1,"Business Address:
7431 Manning Crt
Richmond
BC
V7A 4J3
CA"
https://www.amazon.com/sp?ie=UTF8&seller=A10DDK92YZVMD5&isAmazonFulfilled=1,"Business Address:
1349 Ford Road
Bensalem
PA
19020
US"
https://www.amazon.com/sp?ie=UTF8&seller=A13OB2COBK78EN&isAmazonFulfilled=1,"Business Address:
3-1 Hao, Jiao Yu Lu
Qing Xiu Qu
Nanning
Guangxi
530000
CN"
https://www.amazon.com/sp?ie=UTF8&seller=A11M1PFEZ88ZYX&isAmazonFulfilled=1,"Business Address:
西丽街道深港花卉中心大棚区5号
深圳
南山区
广东
518000
CN"
https://www.amazon.com/sp?ie=UTF8&seller=A12NLJ3PQWFRTX&isAmazonFulfilled=1,"Business Address:
Unit 57, 548-568 Canterbury Rd
Campsie
NSW
2194
AU"
https://www.amazon.com/sp?ie=UTF8&seller=A15IS36TC6QUHX&isAmazonFulfilled=1,"Business Address:
298 Northampton St
Buffalo
NY
14208
US"
https://www.amazon.com/sp?ie=UTF8&seller=A14CUC1LRMCT6S&isAmazonFulfilled=1,"Business Address:
科灵路78号
苏州
高新
江苏
215163
CN"
https://www.amazon.com/sp?ie=UTF8&seller=A10DDK92YZVMD5&isAmazonFulfilled=1,"Business Address:
fu tian qu xia sha tai ran guang chang 701 dong 605
Nanshan District
Shenzhen
Guangdong
518000
CN"
https://www.amazon.com/sp?ie=UTF8&seller=A16YP6FBSFAVLD&isAmazonFulfilled=1,"Business Address:
油松路146号 梦丽园工业区1栋405
深圳市
龙华区
广东省
518000
CN"
https://www.amazon.com/sp?ie=UTF8&seller=A10FO23GECOJ83&isAmazonFulfilled=1,"Business Address:
2516 Metropolitian Drive
Trevose
Pennsylvania
19053
US"
https://www.amazon.com/sp?ie=UTF8&seller=A171ECT7H1X9DA&isAmazonFulfilled=1,"Business Address:
gaoxinnanliudao6haomaikelongdasha405
shenzhen
guangdong
518000
CN"
https://www.amazon.com/sp?ie=UTF8&seller=A11M2MHZRPCYQ2&isAmazonFulfilled=1,"Business Address:
Xinbaozhen maomen xiaxiecun 8 hao
Xinyi
Guangdong
525339
CN"
https://www.amazon.com/sp?ie=UTF8&seller=A12NUUP87ZRRAR&isAmazonFulfilled=1,"Business Address:
Harbin institute of technology shenzhen graduate school
Nanshan District
Shenzhen
Guangdong
518000
CN"
https://www.amazon.com/sp?ie=UTF8&seller=A14DMTUF7AWBNL&isAmazonFulfilled=1,"Business Address:
4610 Atlanta Hwy
Loganville
GA
30052
US"
https://www.amazon.com/sp?ie=UTF8&seller=A11MPQ6YZ4RK5M&isAmazonFulfilled=1,"Business Address:
区西乡街道永丰社区永丰社区一区5栋402
深圳市
宝安区
广东省
518000
CN"
https://www.amazon.com/sp?ie=UTF8&seller=A10J1TH9PE97IM&isAmazonFulfilled=1,"Business Address:
公明街道长圳社区大岗工业区A栋一楼
深圳市
光明新区
广东省
518132
CN"
https://www.amazon.com/sp?ie=UTF8&seller=A13POTH72TQTY1&isAmazonFulfilled=1,"Business Address:
坂田街道雅园路7号中海月朗苑2栋2单元2C
深圳市
龙岗区
广东省
518129
CN"
https://www.amazon.com/sp?ie=UTF8&seller=A15J999QYA1RUL&isAmazonFulfilled=1,"Business Address:
No.20, Jalan Juara 2/5
Taman Juara Jaya
Balakong
Selangor
43300
MY"
https://www.amazon.com/sp?ie=UTF8&seller=A171OGBE2MLWMQ&isAmazonFulfilled=1,"Business Address:
742 Clay Street, Suite C (Second Floor)
Winter Park
FL
32789
US"
https://www.amazon.com/sp?ie=UTF8&seller=A12QDNFS3UNKAN&isAmazonFulfilled=1,"Business Address:
1310 Egypt Rd. #672
Oaks
PA
19456
US"
https://www.amazon.com/sp?ie=UTF8&seller=A11RRHF4BQV79E&isAmazonFulfilled=1,"Business Address:
Taza Design, LLC
412 North Main St., Suite 100
Buffalo
Wyoming
82834
US"
https://www.amazon.com/sp?ie=UTF8&seller=A10LAW2QNBI7H&isAmazonFulfilled=1,"Business Address:
402, 4/f, Bldg 1, Hesheng Zhineng Park No 32, Lipu St.,
shenzhen
guangdong
518219
CN"
https://www.amazon.com/sp?ie=UTF8&seller=A14FNO3D6VYUG7&isAmazonFulfilled=1,"Business Address:
1 South Farm road
port washington
NY
11050
US"
https://www.amazon.com/sp?ie=UTF8&seller=A15NK8NXUTNX6I&isAmazonFulfilled=1,"Business Address:
5075 South Loop East
Unit K
Houston
TX
77033
US"
https://www.amazon.com/sp?ie=UTF8&seller=A172BIVJQ3QIKS&isAmazonFulfilled=1,"Business Address:
longhuaxinquminzhijiedaodongbianxincunBqu24dong1404
shenzhenshi
guangdongsheng
518000
CN"
https://www.amazon.com/sp?ie=UTF8&seller=A12SEMS6M015RN&isAmazonFulfilled=1,"Business Address:
No.1 The 9th building, Qinglian 3 Area
Beiyuan Street
Yiwu
Zhejiang
322000
CN"
https://www.amazon.com/sp?ie=UTF8&seller=A10N931BGVXTX2&isAmazonFulfilled=1,"Business Address:
LONGHUAQU LONGHUAJIEDAO QINGHUSHEQU
QINGHUADONGLU24HAO RUNZEDASHAC1102
shenzhenshi
Guangdongsheng
518110
CN"
https://www.amazon.com/sp?ie=UTF8&seller=A13PUGZBBTLDDY&isAmazonFulfilled=1,"Business Address:
鹿山街道 金鹿路269号鹿山时代1号楼905
杭州市
富阳区
浙江省
311400
CN"
https://www.amazon.com/sp?ie=UTF8&seller=A172ESUFS8UNYR&isAmazonFulfilled=1,"Business Address:
Room 812 Floor 8th No917 Renmin North Road
Yuexiu District
Guangzhou
Guangdong
510000
CN"
https://www.amazon.com/sp?ie=UTF8&seller=A11T0EDXHGS84R&isAmazonFulfilled=1,"Business Address:
Room (6-1)-8,Building 055,No.1 Bailong Road,Yinzhou District
Ningbo
Zhejiang
315040
CN"
https://www.amazon.com/sp?ie=UTF8&seller=A15P7UI47LJK70&isAmazonFulfilled=1,"Business Address:
(Suit135) 82-2-2 Xiahe Road
Beiyuan Street
Yiwu
Zhejiang
322000
CN"
https://www.amazon.com/sp?ie=UTF8&seller=A14I9S2RQDUGHB&isAmazonFulfilled=1,"Business Address:
2039 amber st
philadelphia
pa
19125-1932
US"
https://www.amazon.com/sp?ie=UTF8&seller=A10NQ89CHF1BES&isAmazonFulfilled=1,"Business Address:
12832 160 AVE NW
Edmonton
AB
T6V 1L6
CA"
https://www.amazon.com/sp?ie=UTF8&seller=A12SFW3DBDCPNK&isAmazonFulfilled=1,"Business Address:
明皇路龙腾家园三期45栋自编（11-A60）
合肥市
瑶海区
安徽省
230000
CN"
https://www.amazon.com/sp?ie=UTF8&seller=A11U27WRUQSJY2&isAmazonFulfilled=1,"Business Address:
longgangqujihuajiedaogankengshequ
xiufenggongyechengB6dong602
shenzhenshi
guangdongsheng
518000
CN"
https://www.amazon.com/sp?ie=UTF8&seller=A1747BWB92EZS3&isAmazonFulfilled=1,"Business Address:
光谷大道国际企业中心二期追日楼203-1
武汉市
洪山区
湖北省
430073
CN"
https://www.amazon.com/sp?ie=UTF8&seller=A10PRH2DFOVNA8&isAmazonFulfilled=1,"Business Address:
ROOM 102 LANE 49 NO.618 NORTH HUTING ROAD
SONGJIANG DISTRICT
SHANGHAI
SHANGHAI
201615
CN"
https://www.amazon.com/sp?ie=UTF8&seller=A12UZDHM2MHPXP&isAmazonFulfilled=1,"Business Address:
51 Spencer St
Brooklyn
NY
11205
US"
https://www.amazon.com/sp?ie=UTF8&seller=A14ILFD8N5DBOS&isAmazonFulfilled=1,"Business Address:
36 Longbow Circle
Spencerport
New York
14559
US"
https://www.amazon.com/sp?ie=UTF8&seller=A11U50SX8Y6VAS&isAmazonFulfilled=1,"Business Address:
7 Newbury Lane
Bar Harbor
ME
04609
US"
https://www.amazon.com/sp?ie=UTF8&seller=A15QN6QABYC6HS&isAmazonFulfilled=1,
https://www.amazon.com/sp?ie=UTF8&seller=A13QMUODNGOZHT&isAmazonFulfilled=1,"Business Address:
峡口社区东岸坊105号
东莞市
东城区
广东省
523000
CN"
https://www.amazon.com/sp?ie=UTF8&seller=A174KVJFOV18YA&isAmazonFulfilled=1,"Business Address:
Laochengqu xibeiyujiedao yucaijie 4
Luoyang
Henan
471000
CN"
https://www.amazon.com/sp?ie=UTF8&seller=A11UL4PPX3203I&isAmazonFulfilled=1,"Business Address:
645 West 1st Avenue
Roselle
New Jersey
07203-1049
US"
https://www.amazon.com/sp?ie=UTF8&seller=A12VBGKLM3RH38&isAmazonFulfilled=1,"Business Address:
Jiading Qu Huating Zhen
Liuxiang Gonglu 6899hao, 7haolou 976shi
Shanghai
Shanghai
200000
CN"
https://www.amazon.com/sp?ie=UTF8&seller=A10QAKA69ZUCRF&isAmazonFulfilled=1,"Business Address:
mingzhijiedao meilonglu
huangjiameilonggongguanA311
shenzhenshi longhuaqu
Guangdong
518000
CN"
https://www.amazon.com/sp?ie=UTF8&seller=A17512AA1SXJN0&isAmazonFulfilled=1,"Business Address:
江东街道山口新村89幢2单元
金华市
义乌市
浙江省
322000
CN"
https://www.amazon.com/sp?ie=UTF8&seller=A14L2L5TKL3N65&isAmazonFulfilled=1,"Business Address:
111-306, 184, Migeum-ro, Bundang-gu
Seongnam
Gyeonggi
13629
KR"
https://www.amazon.com/sp?ie=UTF8&seller=A13ROZ73DS37W8&isAmazonFulfilled=1,"Business Address:
room 101,no.77 xiaoshun farm
xiaoshun
jinhua
321035
CN"
https://www.amazon.com/sp?ie=UTF8&seller=A15S8PJ8AWW2UA&isAmazonFulfilled=1,"Business Address:
Nanshanqu Taoyuanjiedao Fuguangshequ Liuxiandadao
3288 Hao Baonengcheng Dongqu Baonengcheng Dongqu G Zuo 44A
Shenzhen
Guangdong
518000
CN"
https://www.amazon.com/sp?ie=UTF8&seller=A10QS29P19KJR4&isAmazonFulfilled=1,"Business Address:
龙潭街道平港路1号办公楼
南京市
经济技术开发区
江苏省
210058
CN"
https://www.amazon.com/sp?ie=UTF8&seller=A12XPNUTM8YS5T&isAmazonFulfilled=1,"Business Address:
金谷北路228号11幢
宁波
鄞州
315100
CN"
https://www.amazon.com/sp?ie=UTF8&seller=A11VQZIN3M3925&isAmazonFulfilled=1,"Business Address:
Collectibles Everyday Deals
Brooklyn
NY
11201
US"
https://www.amazon.com/sp?ie=UTF8&seller=A178MTDROI68OH&isAmazonFulfilled=1,"Business Address:
北京市海淀区上地信息产业基地开拓路1号2层2051
北京市
北京
100085
CN"
https://www.amazon.com/sp?ie=UTF8&seller=A10QUO0QB3BKPR&isAmazonFulfilled=1,"Business Address:
凤凰山街道凤凰路569号204室
莆田市
城厢区
福建省
351199
CN"
https://www.amazon.com/sp?ie=UTF8&seller=A12XY176XPX19R&isAmazonFulfilled=1,"Business Address:
鸿昌广场3302
深圳
罗湖区
广东
518000
CN"
https://www.amazon.com/sp?ie=UTF8&seller=A11YXKV1XRUPYF&isAmazonFulfilled=1,"Business Address:
cong hua qu jie kou jie zhen bei lu tian bian cun 1 hao
san ceng zi bian D372
Guang Zhou
Guang Dong
510999
CN"
https://www.amazon.com/sp?ie=UTF8&seller=A14QAOM8VE3MAA&isAmazonFulfilled=1,"Business Address:
1327 E 18th St
Los Angeles
CA
90021
US"
https://www.amazon.com/sp?ie=UTF8&seller=A178RRNIKXLP2K&isAmazonFulfilled=1,"Business Address:
xilijiedao xigaoluguanlongcun dongqu
A18dongerlou 213shi
shenzhen
guangdong
518000
CN"
https://www.amazon.com/sp?ie=UTF8&seller=A10SR6L2GRBB29&isAmazonFulfilled=1,"Business Address:
Rozelor Street nr 24A
Dumbravita
Timis
307160
RO"
https://www.amazon.com/sp?ie=UTF8&seller=A15SLCCJ9EEA8I&isAmazonFulfilled=1,"Business Address:
2845 Chipeta Avenue
Grand Junction
Colorado
81501
US"
https://www.amazon.com/sp?ie=UTF8&seller=A13TD3QSKKVPUQ&isAmazonFulfilled=1,"Business Address:
2320 NE 199 ST
MIAMI
FL
33180-1828
US"
https://www.amazon.com/sp?ie=UTF8&seller=A12YE1DVKW53CK&isAmazonFulfilled=1,"Business Address:
PO Box 1351
Hillsborough
NC
27278
US"
https://www.amazon.com/sp?ie=UTF8&seller=A1203GXM9DXG63&isAmazonFulfilled=1,"Business Address:
白沙镇象湖南路71号
雅居乐国际花园东苑20号楼107
郑州市
郑东新区
河南省
450000
CN"
https://www.amazon.com/sp?ie=UTF8&seller=A10WQA9RLT85TQ&isAmazonFulfilled=1,"Business Address:
146号222室
东莞市
凤岗镇油甘埔同兴路
广东省
523707
CN"
https://www.amazon.com/sp?ie=UTF8&seller=A14RCOTH4BNLF3&isAmazonFulfilled=1,"Business Address:
RM202 UNIT5 BUILDING9 DISTRICT2. XIAWANG VILLAGE
YiWu
ZheJiang
322000
CN"
https://www.amazon.com/sp?ie=UTF8&seller=A15SN3RHMFSLPG&isAmazonFulfilled=1,"Business Address:
Zhongshanshishiqiquyuekailu6hao15kazhier
Zhongshan
Guangdong
528400
CN"
https://www.amazon.com/sp?ie=UTF8&seller=A178XT2IXDCL1Q&isAmazonFulfilled=1,"Business Address:
6665 West Hwy 13
Savage
Minnesota
55378
US"
https://www.amazon.com/sp?ie=UTF8&seller=A12Z3HO35H7WA&isAmazonFulfilled=1,"Business Address:
2220 TUSCORA RD
NORTH CHESTERFIELD
VA
23235-3248
US"
https://www.amazon.com/sp?ie=UTF8&seller=A1213VIULWMO8V&isAmazonFulfilled=1,"Business Address:
baoanquxinanjiedaobanyuan24quyifangliuxiang
(zaoxiacunyifangliuxiang)3hao7ceng701
shenzhenshi
guangdongsheng
518000
CN"
https://www.amazon.com/sp?ie=UTF8&seller=A10XTECHETZ8M&isAmazonFulfilled=1,"Business Address:
PMB 323
13009 S. Parker RD
Parker
colorado
80134
US"
https://www.amazon.com/sp?ie=UTF8&seller=A17ADY06WRWE1L&isAmazonFulfilled=1,"Business Address:
镇海街道八二一中街329号
莆田市
荔城区
福建省
351100
CN"
https://www.amazon.com/sp?ie=UTF8&seller=A132QM3ZOHVVXX&isAmazonFulfilled=1,"Business Address:
5565 Schenck Ave
#9
Rockledge
FL
32955
US"
https://www.amazon.com/sp?ie=UTF8&seller=A14S6DTR5SRQBA&isAmazonFulfilled=1,"Business Address:
binjiangqupuyanjiedaodongxindadao
66hao4haolou256shi
hangzhoushi
zhejiangsheng
310051
CN"
https://www.amazon.com/sp?ie=UTF8&seller=A15SVRRAVQK333&isAmazonFulfilled=1,"Business Address:
珠海园区7-1号地厂房5楼 A010号
珠海市
珠澳跨境工业区
广东省
519000
CN"
https://www.amazon.com/sp?ie=UTF8&seller=A121HDWCELYPEE&isAmazonFulfilled=1,"Business Address:
Flat 11 Brookfield Court, Woodside Grange Road
Woodside Grange Road
London
England
N12 8TW
GB"
https://www.amazon.com/sp?ie=UTF8&seller=A17B4JMTSWSQEJ&isAmazonFulfilled=1,"Business Address:
nanshaqufengzedonglu106hao
guangzhou
guangdong
511455
CN"
https://www.amazon.com/sp?ie=UTF8&seller=A134R4MLU7JPB4&isAmazonFulfilled=1,"Business Address:
庄市街道清泉花园48幢一单元501室
宁波市
镇海区
浙江省
315201
CN"
https://www.amazon.com/sp?ie=UTF8&seller=A14SJC0AQ0985I&isAmazonFulfilled=1,"Business Address:
Room 206, Building B of Donghailongteng Apartment,,
Yantian District
Shenzhen
Guangdong
518000
CN"
https://www.amazon.com/sp?ie=UTF8&seller=A13TQTIVRE3FXL&isAmazonFulfilled=1,"Business Address:
31 / 3-9 Finlayson St
Finlayson Street
Lane Cove
NSW
2066
AU"
https://www.amazon.com/sp?ie=UTF8&seller=A123CBJ7ZIBNR&isAmazonFulfilled=1,"Business Address:
金御半山第三栋第一单元
深圳
龙岗
广东
518000
CN"
https://www.amazon.com/sp?ie=UTF8&seller=A135ONDRN4GVWG&isAmazonFulfilled=1,"Business Address:
4 Jill Ct Ste 7
Hillsborough
NJ
08844
US"
https://www.amazon.com/sp?ie=UTF8&seller=A17B5S72AKU3KC&isAmazonFulfilled=1,"Business Address:
8755 Colgate Ave.
Los Angeles
CA
90048
US"
https://www.amazon.com/sp?ie=UTF8&seller=A123UPOQRWSRS1&isAmazonFulfilled=1,"Business Address:
JIM MOREHOUSE
P.O. Box 1207
Blue Lake
CA
95525
US"
https://www.amazon.com/sp?ie=UTF8&seller=A17QGOHIGS7FQ9&isAmazonFulfilled=1,"Business Address:
联围街2号青年电商中心
A栋613
深圳
龙华新区
广东
518000
CN"
https://www.amazon.com/sp?ie=UTF8&seller=A136HH49LJ1X3W&isAmazonFulfilled=1,"Business Address:
Guangzhou Tianhequ Longfulu 6hao C3-309
Guangzhou
Guangdong
510700
CN"
https://www.amazon.com/sp?ie=UTF8&seller=A14SXHX33XLYJN&isAmazonFulfilled=1,"Business Address:
57/58 O'Connell Street
Dublin
Dublin
DUBLIN
IE"
https://www.amazon.com/sp?ie=UTF8&seller=A15T8QZST8KC6E&isAmazonFulfilled=1,"Business Address:
3201 SOUTH 144TH STREET
OMAHA
NE
68144
US"
https://www.amazon.com/sp?ie=UTF8&seller=A17BJKUGSZLQ9R&isAmazonFulfilled=1,"Business Address:
LongGangQuLongGangJiedao
LongGangDaDao578Hao2B07
ShenZhen
GuangDong
518000
CN"
https://www.amazon.com/sp?ie=UTF8&seller=A17RELNCIJ9A1S&isAmazonFulfilled=1,"Business Address:
Rm 111, Building 201, Mintang Rd, Baishilong, Minzhi Street
Longhua District
Shenzhen
Guangdong
518000
CN"
https://www.amazon.com/sp?ie=UTF8&seller=A13U9BMXBQRFC&isAmazonFulfilled=1,"Business Address:
东城街道火炼树金锡路1号
东莞市
东城
广东省
523000
CN"
https://www.amazon.com/sp?ie=UTF8&seller=A13UCPWP0N6KDE&isAmazonFulfilled=1,"Business Address:
14E, 2nd Wing,Block 3
GemDale Xiang Mi Shan,FuTian
Shenzhen
GuangDong
518034
CN"
https://www.amazon.com/sp?ie=UTF8&seller=A124EDGJHR3S3V&isAmazonFulfilled=1,"Business Address:
5 Baila blvd
Lakewood
New Jersey
08701
US"
https://www.amazon.com/sp?ie=UTF8&seller=A136UONTSQYP0U&isAmazonFulfilled=1,"Business Address:
1820, Block B, Tianxia International Center, No. 8 Taoyuan R
Shenzhen
Gunagdong
518052
CN"
https://www.amazon.com/sp?ie=UTF8&seller=A17F71F58YULJ1&isAmazonFulfilled=1,"Business Address:
Xiangcheng Qu Yuanguangbei Lu Huayuan Xiaoqu 28 Zhuang 1202
Zhangzhou
Fujian
363000
CN"
https://www.amazon.com/sp?ie=UTF8&seller=A17S7H88NFW5KM&isAmazonFulfilled=1,"Business Address:
NO.7 Zhongwanjiu Zhongwan Village,Jinkou Jiangxia District
Wuhan
Hubei
430208
CN"
https://www.amazon.com/sp?ie=UTF8&seller=A15U6C27395RQZ&isAmazonFulfilled=1,"Business Address:
Room 2601F-G7, Yinglongzhanye Building,
No 6025, Shennandadao, Tiananshequ, Shatoujiedao, Futianqu,
Shenzhen,
Guangdong
518042
CN"
https://www.amazon.com/sp?ie=UTF8&seller=A14XI8XBMQY5D4&isAmazonFulfilled=1,"Business Address:
1830 WAYNE TRACE
FORT WAYNE
IN
46803
US"
https://www.amazon.com/sp?ie=UTF8&seller=A17FHR78WQYY78&isAmazonFulfilled=1,"Business Address:
武兴四路166 号 西部智谷D区 6 栋 105
成都市
武侯区
四川省
610000
CN"
https://www.amazon.com/sp?ie=UTF8&seller=A136Y3316HWI30&isAmazonFulfilled=1,"Business Address:
16699 COLLINS AVE APT 3406
SUNNY ISLES BEACH
FL
33160-5422
US"
https://www.amazon.com/sp?ie=UTF8&seller=A13WKNQWZITAFS&isAmazonFulfilled=1,"Business Address:
4403 15th Ave
Suite 176
Brooklyn
N.Y.
11219
US"
https://www.amazon.com/sp?ie=UTF8&seller=A17US7X01LQRPC&isAmazonFulfilled=1,"Business Address:
DengFengShiZhongYueDaJieDongDuanBeiCe
ZhengZhouShi
HeNanSheng
452470
CN"
https://www.amazon.com/sp?ie=UTF8&seller=A15VED66XTEXMD&isAmazonFulfilled=1,"Business Address:
700 Colorado Boulevard
Denver
CO
80206
US"
https://www.amazon.com/sp?ie=UTF8&seller=A138I2J3ERURS4&isAmazonFulfilled=1,"Business Address:
Nazarethsesteenweg 60
Deinze
9800
BE"
https://www.amazon.com/sp?ie=UTF8&seller=A14XLFVP19VC3J&isAmazonFulfilled=1,"Business Address:
上水径文化创意园传奇阁21E
深圳市
龙岗区
广东省
518000
CN"
https://www.amazon.com/sp?ie=UTF8&seller=A17G5FX8X5BBKM&isAmazonFulfilled=1,"Business Address:
xiaguojiedaolingcunxincunchendongwudierceng201
huazhoushi
guangdongsheng
525100
CN"
https://www.amazon.com/sp?ie=UTF8&seller=A1911IJT1V2IDW&isAmazonFulfilled=1,"Business Address:
1679 South Dupont Highway
Suite 100
Dover
DE
19901
US"
https://www.amazon.com/sp?ie=UTF8&seller=A17V7OU9MS2DJS&isAmazonFulfilled=1,"Business Address:
baohequ maanshanmanlu 429hao
chuangzhiguangchang 6 zhuang A zhuang 1401
hefeishi
anhuisheng
230022
CN"
https://www.amazon.com/sp?ie=UTF8&seller=A138OXIT4DABUA&isAmazonFulfilled=1,"Business Address:
170 Gregg St Unit 2B
LODI
NJ
07644
US"
https://www.amazon.com/sp?ie=UTF8&seller=A13Y6OWZG3LGX0&isAmazonFulfilled=1,"Business Address:
4118-14th Ave STE 113
Suite 113
Brooklyn
New York
11219
US"
https://www.amazon.com/sp?ie=UTF8&seller=A17VG8280SIMO6&isAmazonFulfilled=1,"Business Address:
Road No 33, House No. 10
Punjabi Bagh Extension
Delhi
New Delhi
110026
IN"
https://www.amazon.com/sp?ie=UTF8&seller=A1919NYIH5072G&isAmazonFulfilled=1,"Business Address:
245 W Foothill Blvd
Monrovia
CA
91016
US"
https://www.amazon.com/sp?ie=UTF8&seller=A17GVG821G8MBG&isAmazonFulfilled=1,"Business Address:
230 N. Maple Ave B-1, #148
Marlton
NJ
08053
US"
https://www.amazon.com/sp?ie=UTF8&seller=A15WMXW6ZVKRF9&isAmazonFulfilled=1,"Business Address:
3601 VINELAND RD STE 14
ORLANDO
FL
32811-6474
US"
https://www.amazon.com/sp?ie=UTF8&seller=A17WQCWOE8Q1J7&isAmazonFulfilled=1,"Business Address:
#4e-119,4f,china South City Pinghu St.,longgang District
Shenzhen
Guangdong
518000
CN"
https://www.amazon.com/sp?ie=UTF8&seller=A17H5XKVLY489H&isAmazonFulfilled=1,"Business Address:
1237 Rising Sun bv
winter springs
FL
32708
US"
https://www.amazon.com/sp?ie=UTF8&seller=A14Y34OKNGRHCD&isAmazonFulfilled=1,"Business Address:
25 Jiajixiang,Poyang Town,Poyang County
Shangrao
Jiangxi
333100
CN"
https://www.amazon.com/sp?ie=UTF8&seller=A191FO8KTLMZQO&isAmazonFulfilled=1,"Business Address:
900 Winslow Way East
#210
Bainbridge Island
WA
98110
US"
https://www.amazon.com/sp?ie=UTF8&seller=A152UWPICFRTI5&isAmazonFulfilled=1,"Business Address:
295 PURANI TEHSIL, CIVIL HOSPITAL ROAD
Roorkee
Uttarakhand
247667
IN"
https://www.amazon.com/sp?ie=UTF8&seller=A15WW5E0WVGOUL&isAmazonFulfilled=1,"Business Address:
9 Natan
Ramat Gan
ISRAEL
5245009
IL"
https://www.amazon.com/sp?ie=UTF8&seller=A13YGQ4ZCJFMDY&isAmazonFulfilled=1,"Business Address:
4206A Bell Blvd. #228
Bayside
NY
11361
US"
https://www.amazon.com/sp?ie=UTF8&seller=A17I9LNBKT885S&isAmazonFulfilled=1,"Business Address:
民治街道
樟坑社区樟坑优品文化创意园1栋102-3
深圳市
龙华区
广东省
518000
CN"
https://www.amazon.com/sp?ie=UTF8&seller=A17ZS886JL81F8&isAmazonFulfilled=1,"Business Address:
avenue Motorobudivnykiv, building 11
city Zaporizhzhia
area Zaporizka
69000
UA"
https://www.amazon.com/sp?ie=UTF8&seller=A1924U4WNVXDIO&isAmazonFulfilled=1,"Business Address:
28D Wandafeng Building Dongmenzhong Road Luohu Strict
Shenzhen
Guangdong
518001
CN"
https://www.amazon.com/sp?ie=UTF8&seller=A17ZXT1ZD5BYK1&isAmazonFulfilled=1,"Business Address:
GL
Romania
Europe
807300
RO"
https://www.amazon.com/sp?ie=UTF8&seller=A17JJHO0HITD70&isAmazonFulfilled=1,"Business Address:
1419 MURRAY ST
NORTH KANSAS CITY
MO
64116-3932
US"
https://www.amazon.com/sp?ie=UTF8&seller=A1A2GQN009KN6E&isAmazonFulfilled=1,"Business Address:
Room 705 ,Building105, Xin'an Street 41 District ,Bao'an
Shenzhen
Guangdong
518101
CN"
https://www.amazon.com/sp?ie=UTF8&seller=A153LHG1NMMV0Y&isAmazonFulfilled=1,"Business Address:
502-1388 Homer St.
Vancouver
BRITISH COLUMBIA
V6B 6A7
CA"
https://www.amazon.com/sp?ie=UTF8&seller=A192C33PLH71TZ&isAmazonFulfilled=1,"Business Address:
Wuqingqujingbingongyeyuanjingbinruicheng11haolou
602-36 jizhongbangongqu
Tianjin
Tianjin
301700
CN"
https://www.amazon.com/sp?ie=UTF8&seller=A15WX19GEXGIPC&isAmazonFulfilled=1,"Business Address:
5325 N Bremont Way
Prescott Valley
AZ
86314
US"
https://www.amazon.com/sp?ie=UTF8&seller=A141UO59U2624R&isAmazonFulfilled=1,"Business Address:
shapingbaqu xiaojiawan 54hao gangcai shichang
D zhuang 3 lou 7 hao
chongqing
Chongqing
400000
CN"
https://www.amazon.com/sp?ie=UTF8&seller=A153WTQ2M7FERJ&isAmazonFulfilled=1,"Business Address:
baiyunqu yongpingjie
modaokengnanlu 40hao1001zhiC032fang
Guangzhou
Guangdong
510000
CN"
https://www.amazon.com/sp?ie=UTF8&seller=A17LM0P94NKKPY&isAmazonFulfilled=1,"Business Address:
3C 14 xian hua ming yuan
Longhua District
shenzhen
china
518000
CN"
https://www.amazon.com/sp?ie=UTF8&seller=A180SVR74R7KXL&isAmazonFulfilled=1,"Business Address:
142, Ilsan-ro, Ilsandong-gu
#303
Goyang-si
Gyeonggi-do
10442
KR"
https://www.amazon.com/sp?ie=UTF8&seller=A1A3N8S6CAIFKB&isAmazonFulfilled=1,"Business Address:
gaoxinkaifaquguanggudajieyidong
Weishanluyinanfeicuihuaxi2qibufengongchengG7hanlou206hao
changchunshi
jilinsheng
130012
CN"
https://www.amazon.com/sp?ie=UTF8&seller=A192PBN5V6AWSA&isAmazonFulfilled=1,"Business Address:
5631 RIDGEDALE AVE
DALLAS
TX
75206-6015
US"
https://www.amazon.com/sp?ie=UTF8&seller=A17N8TYS0YK93Z&isAmazonFulfilled=1,"Business Address:
Room 207, 2f, building 8, No. 87, Jiangxia East 1st Road,
Huangshi street,
Baiyun District, Guangzhou
510000
CN"
https://www.amazon.com/sp?ie=UTF8&seller=A181IPEP99H9FT&isAmazonFulfilled=1,"Business Address:
653 Wilton Grove Road
London
ON
N6N1N7
CA"
https://www.amazon.com/sp?ie=UTF8&seller=A160JZH1AZGL2O&isAmazonFulfilled=1,"Business Address:
1248 South Grand Ave. West
#8
Springfield
il
62704
US"
https://www.amazon.com/sp?ie=UTF8&seller=A157PUUGJY5DKV&isAmazonFulfilled=1,"Business Address:
山东省青岛市胶州市阜安街道郑州东路228丁网点
青岛市
胶州市
山东省
266399
CN"
https://www.amazon.com/sp?ie=UTF8&seller=A195TEVR4WPBDB&isAmazonFulfilled=1,"Business Address:
5019 E PRESIDIO RD
SCOTTSDALE
AZ
85254-3633
US"
https://www.amazon.com/sp?ie=UTF8&seller=A185TD9B7TDCVL&isAmazonFulfilled=1,"Business Address:
100 Matisse Circle West
Nokomis
FL
34275
US"
https://www.amazon.com/sp?ie=UTF8&seller=A17O1MJIWD59BT&isAmazonFulfilled=1,"Business Address:
169 academy ave
Staten island
NY
10309
US"
https://www.amazon.com/sp?ie=UTF8&seller=A1448T1WGPE6RI&isAmazonFulfilled=1,"Business Address:
Longgangqu Longchengjiedaoqinglinxilu Touzidashashilou 1002
Shenzhen
Guangdong
518172
CN"
https://www.amazon.com/sp?ie=UTF8&seller=A1AARG1PSMM6RN&isAmazonFulfilled=1,
https://www.amazon.com/sp?ie=UTF8&seller=A197AM1OO6YFJU&isAmazonFulfilled=1,"Business Address:
2920 coney island ave
BROOKLYN
NEW YORK
11235
US"
https://www.amazon.com/sp?ie=UTF8&seller=A160XFJ48ES06S&isAmazonFulfilled=1,"Business Address:
福田佳和大厦A座10C2
深圳
福田
广东
518000
CN"
https://www.amazon.com/sp?ie=UTF8&seller=A158GETZ4MUG62&isAmazonFulfilled=1,"Business Address:
TaijiangquAofengjiedaoShuguangzhilu2Hao
Bailiandasha22Ceng01Bangong
Fuzhou
Fujian
350000
CN"
https://www.amazon.com/sp?ie=UTF8&seller=A185TD9B7TDCVL&isAmazonFulfilled=1,"Business Address:
2935 Larimer Street
Suite 302
Denver
CO
80205
US"
https://www.amazon.com/sp?ie=UTF8&seller=A18795L57E7II5&isAmazonFulfilled=1,"Business Address:
prospect Nebesnoi Sotni, building 26
flat 19
Odesa
65121
UA"
https://www.amazon.com/sp?ie=UTF8&seller=A19A71NT2DDU53&isAmazonFulfilled=1,"Business Address:
均禾街新石路147号新思维创意产业园C3栋101（自主申报）
广州
白云区
广东
510000
CN"
https://www.amazon.com/sp?ie=UTF8&seller=A1611RPGLR182B&isAmazonFulfilled=1,"Business Address:
71 Circle Drive
Syosset
New York
11791
US"
https://www.amazon.com/sp?ie=UTF8&seller=A1AARG1PSMM6RN&isAmazonFulfilled=1,"Business Address:
桃源街道平山社区留仙大道4109号创客小镇17栋6层
深圳市
南山区
广东省
518054
CN"
https://www.amazon.com/sp?ie=UTF8&seller=A1AB6IR01OIFFA&isAmazonFulfilled=1,"Business Address:
LinAn Qu, JinCheng JieDao, HuaXiQiao Cun, HuaQiao Lu 68 Hao
C Zhuang 413
HangZhou
ZheJiang
311300
CN"
https://www.amazon.com/sp?ie=UTF8&seller=A158GX06PONXZ&isAmazonFulfilled=1,"Business Address:
4504 BULOVA ST
TORRANCE
CA
90503
US"
https://www.amazon.com/sp?ie=UTF8&seller=A1BBH3UN2210IV&isAmazonFulfilled=1,"Business Address:
唐家墩K7地块顶琇国际城C区10栋3608
武汉市
江汉区
湖北省
430000
CN"
https://www.amazon.com/sp?ie=UTF8&seller=A19AUSMK446DIH&isAmazonFulfilled=1,"Business Address:
2751 W. Temple St
Los Angeles
CA
90026
US"
https://www.amazon.com/sp?ie=UTF8&seller=A161E71JSJBU8E&isAmazonFulfilled=1,"Business Address:
3601 Vineland Rd
Ste 14
Orlando
FL
32811
US"
https://www.amazon.com/sp?ie=UTF8&seller=A158SLIY9X6LZJ&isAmazonFulfilled=1,"Business Address:
Yuehai Business Buliding
Room 3A08, Tower A
Guang Zhou
Guang Dong
510000
CN"
https://www.amazon.com/sp?ie=UTF8&seller=A147HWTB7TJHI&isAmazonFulfilled=1,"Business Address:
Unit 9, Alpha Works, Sandars Road
Heapham Road Industrial Estate
Gainsborough
Lincolnshire
DN21 1RZ
GB"
https://www.amazon.com/sp?ie=UTF8&seller=A187D7G8TRYUDZ&isAmazonFulfilled=1,"Business Address:
PO Box 15
Milford
MI
48381
US"
https://www.amazon.com/sp?ie=UTF8&seller=A188S1XVURIYVA&isAmazonFulfilled=1,"Business Address:
6308 S. Valdai Ct
Aurora
CO
80015
US"
https://www.amazon.com/sp?ie=UTF8&seller=A19BEK6XSCVMMS&isAmazonFulfilled=1,"Business Address:
142 PENN ST
BROOKLYN
NY
11211-8004
US"
https://www.amazon.com/sp?ie=UTF8&seller=A147RAV1OJYHRJ&isAmazonFulfilled=1,"Business Address:
153 Rosecrans Ave
Ready Spaces A7
Gardena
CA
90248
US"
https://www.amazon.com/sp?ie=UTF8&seller=A159A1F1B4YS2D&isAmazonFulfilled=1,"Business Address:
逢沙村萃智路1号车创置业广场1栋1510房
佛山市
大良街道
广东省
528399
CN"
https://www.amazon.com/sp?ie=UTF8&seller=A1ADXSRL1TQEOC&isAmazonFulfilled=1,"Business Address:
2-9-2, Block 10, Bailu Mt Rd 66
Nanjinjie,Hechuan
Chongqing
401519
CN"
https://www.amazon.com/sp?ie=UTF8&seller=A1BD18J3S5NE9T&isAmazonFulfilled=1,"Business Address:
longgangqupinghujiedao
xinmushequxinmuxincun60hao201
shenzhenshi
guangdongsheng
518111
CN"
https://www.amazon.com/sp?ie=UTF8&seller=A162KZ4EYO2CF8&isAmazonFulfilled=1,"Business Address:
C502,Building 1,Guangzhou Internet Industry Park,GaoTang New
Guangzhou
Guangdong
510000
CN"
https://www.amazon.com/sp?ie=UTF8&seller=A19BQ165DM74YR&isAmazonFulfilled=1,"Business Address:
GUANG DONG SHENG SHEN ZHEN SHI LONG GANG QU
LONG CHENG DA DAO 16 HAO CHENG NAN YA ZHU 1 DONG 702
SHEN ZHEN
GUANG DONG
518100
CN"
https://www.amazon.com/sp?ie=UTF8&seller=A188X9CXI20FP2&isAmazonFulfilled=1,"Business Address:
南华西路46号
广州
海珠区
广东
510000
CN"
https://www.amazon.com/sp?ie=UTF8&seller=A15B5OKAR58QF7&isAmazonFulfilled=1,"Business Address:
No. 64, yajule Mall, Suiyan Road
foshan
guangdong
528231
CN"
https://www.amazon.com/sp?ie=UTF8&seller=A1AENIUW1BT2P0&isAmazonFulfilled=1,"Business Address:
凤凰街道东坑社区雅明街5号第1栋702
深圳
光明区
广东
518132
CN"
https://www.amazon.com/sp?ie=UTF8&seller=A1BH246V73G1WU&isAmazonFulfilled=1,"Business Address:
Bantianjiedao Dafapu Dongcun 6xiang 13dong 704
Longgangqu
Shenzhen Shi
Guangdong Sheng
518100
CN"
https://www.amazon.com/sp?ie=UTF8&seller=A19CEHWMY4SRQD&isAmazonFulfilled=1,"Business Address:
7818 TINDAREY MAPLE TRCE
Richmond
TX
77407-2924
US"
https://www.amazon.com/sp?ie=UTF8&seller=A164J9TK9IO90C&isAmazonFulfilled=1,"Business Address:
xiamenshi Huli Qu Fanghu Gongyexiaoqu
5 Hao Changfang Floor 5th
Xiamen
Fujian
361009
CN"
https://www.amazon.com/sp?ie=UTF8&seller=A18AJ3GY7JXPXV&isAmazonFulfilled=1,"Business Address:
82 Nassau St #60375
New York
NY
10038
US"
https://www.amazon.com/sp?ie=UTF8&seller=A1AF0DY2C1UUSO&isAmazonFulfilled=1,"Business Address:
1105 Williams St
Angola
Indiana
46703
US"
https://www.amazon.com/sp?ie=UTF8&seller=A18D2KATEBTE1N&isAmazonFulfilled=1,"Business Address:
番禺区南村镇南村东线路时代倾城2栋401房
广州市
广东省
510000
CN"
https://www.amazon.com/sp?ie=UTF8&seller=A15D5KIZP3X5LT&isAmazonFulfilled=1,"Business Address:
800 SE 4th Ave
Ste 121
Hallandale Beach
FL
33009
US"
https://www.amazon.com/sp?ie=UTF8&seller=A1BJPLGZV4L9KJ&isAmazonFulfilled=1,"Business Address:
22305 Haber Dr
Fairview Park
Ohio
44126
US"
https://www.amazon.com/sp?ie=UTF8&seller=A1AF0DY2C1UUSO&isAmazonFulfilled=1,"Business Address:
福永福海街道永和路恒基国际C栋201
深圳市
宝安区
518000
CN"
https://www.amazon.com/sp?ie=UTF8&seller=A19F6PAPNJBCO3&isAmazonFulfilled=1,"Business Address:
50 Railroad Avenue
Unit B
Closter
NJ
07624
US"
https://www.amazon.com/sp?ie=UTF8&seller=A16A3E4EBNMQCK&isAmazonFulfilled=1,"Business Address:
Room1313-147, Haiwailianyi building, No.12 Yingchun Road
Jiabei community, Nanhu street, Luohu District
Shenzhen
Guangdong
518000
CN"
https://www.amazon.com/sp?ie=UTF8&seller=A18EP7IAE4NKQS&isAmazonFulfilled=1,"Business Address:
Room 2840, Building 3, NO. 112-118 Gaoyi Rd, Baoshan Area
SHANGHAI
SHANGHAI
200439
CN"
https://www.amazon.com/sp?ie=UTF8&seller=A1CPQ81HCBLHES&isAmazonFulfilled=1,"Business Address:
Broward
Xi'an
Shan Xi
710061
CN"
https://www.amazon.com/sp?ie=UTF8&seller=A15EJ1XK3L5SLA&isAmazonFulfilled=1,"Business Address:
黄阁镇金茂中二街3号505房
广州市
南沙区
广东省
511458
CN"
https://www.amazon.com/sp?ie=UTF8&seller=A1BLU8WAWZDA0W&isAmazonFulfilled=1,"Business Address:
102 Distribution Dr.
Birmingham
AL
35226
US"
https://www.amazon.com/sp?ie=UTF8&seller=A1AIPNSL9Y6VV0&isAmazonFulfilled=1,"Business Address:
Room 302, 51 Jingyuan Street
Yaochi Street
Yuexiu District
Guangzhou City
510403
CN"
https://www.amazon.com/sp?ie=UTF8&seller=A16A42EI3E14H6&isAmazonFulfilled=1,"Business Address:
340 W 5th St
Kansas City
MO
64105
US"
https://www.amazon.com/sp?ie=UTF8&seller=A19FY57N7QJSV7&isAmazonFulfilled=1,"Business Address:
Eucalyptus 5165-dr
Hollywood
FL
33021
US"
https://www.amazon.com/sp?ie=UTF8&seller=A1CPQSX7QI7LMH&isAmazonFulfilled=1,
https://www.amazon.com/sp?ie=UTF8&seller=A1BMS1Y5ZEOWLZ&isAmazonFulfilled=1,"Business Address:
1474 W Price Rd., Ste 7 #413
Brownsville
TX
78520
US"
https://www.amazon.com/sp?ie=UTF8&seller=A18F4BVP4891QH&isAmazonFulfilled=1,"Business Address:
2271 West Malvern Ave
Fullerton
CA
92833
US"
https://www.amazon.com/sp?ie=UTF8&seller=A1DRD83QHGPZ6O&isAmazonFulfilled=1,"Business Address:
东莞市莞城区八达路25座（怡景楼）4楼2号
东莞
广东省
523000
CN"
https://www.amazon.com/sp?ie=UTF8&seller=A18HEM72C913AX&isAmazonFulfilled=1,"Business Address:
2208-B8, Block A, Union Square, No. 5022, Binhe Avenue
Fushan Community, Futian Street, Futian District
Shenzhen
Guangdong
518000
CN"
https://www.amazon.com/sp?ie=UTF8&seller=A1AJHDFHGP5IWT&isAmazonFulfilled=1,"Business Address:
241 E Winston St #22
Los Angeles
Ca
90013
US"
https://www.amazon.com/sp?ie=UTF8&seller=A1CPQSX7QI7LMH&isAmazonFulfilled=1,"Business Address:
新塘镇坭紫村牛仔城二路一横4号
广州市
增城区
广东省
511300
CN"
https://www.amazon.com/sp?ie=UTF8&seller=A19HK9T6R2YZVZ&isAmazonFulfilled=1,"Business Address:
Dongchengjiedao Guangmingshequ
Guangmingdadao 21 Hao Azuo 5lou K12hao
Dongguan
Guangdong
523000
CN"
https://www.amazon.com/sp?ie=UTF8&seller=A16AF7SLAQXYXA&isAmazonFulfilled=1,"Business Address:
西乡街道永丰社区合正汇一城A-J魅力时代花园H1505
深圳
宝安区
广东省
518000
CN"
https://www.amazon.com/sp?ie=UTF8&seller=A1BNKVTXVZK91D&isAmazonFulfilled=1,"Business Address:
400 Don Park Road Unit #30
Markham
Ontario
L3R 1C6
CA"
https://www.amazon.com/sp?ie=UTF8&seller=A1CQC7ZU7BTBL7&isAmazonFulfilled=1,
https://www.amazon.com/sp?ie=UTF8&seller=A18I3W22NENYTZ&isAmazonFulfilled=1,"Business Address:
1800 N Bristol St
#448
Santa Ana
CA
92706
US"
https://www.amazon.com/sp?ie=UTF8&seller=A19HKWYBO7OG9W&isAmazonFulfilled=1,"Business Address:
磁灶马鞍山工业区云鞍路25号
泉州市
晋江
福建
362000
CN"
https://www.amazon.com/sp?ie=UTF8&seller=A1CQC7ZU7BTBL7&isAmazonFulfilled=1,"Business Address:
29 Radcliffe Avenue
Providence
RI
02908
US"
https://www.amazon.com/sp?ie=UTF8&seller=A1AKDDHA6MNGIO&isAmazonFulfilled=1,"Business Address:
4114 Sepulveda Blvd
Culver City
CA
90230
US"
https://www.amazon.com/sp?ie=UTF8&seller=A1DRJNIL326P3W&isAmazonFulfilled=1,"Business Address:
Viacheslava Chornovola St. 20/4
Brovary
Kyivs'ka oblast
07402
UA"
https://www.amazon.com/sp?ie=UTF8&seller=A19IHM18H3M4CX&isAmazonFulfilled=1,"Business Address:
28045 RANNEY PKWY UNIT B
WESTLAKE
OH
44145-1174
US"
https://www.amazon.com/sp?ie=UTF8&seller=A16BEAPBMB05B1&isAmazonFulfilled=1,"Business Address:
1100 Bellevue Way NE
Ste 8A-42
Bellevue
Washington
98004
US"
https://www.amazon.com/sp?ie=UTF8&seller=A1BOKHOCM433B9&isAmazonFulfilled=1,"Business Address:
Fevruarski Pohod 26/23
Skopje
MK
1000
MK"
https://www.amazon.com/sp?ie=UTF8&seller=A18I4F70ZYFYMI&isAmazonFulfilled=1,"Business Address:
980 McKinley Street
Eugene
OR
97402
US"
https://www.amazon.com/sp?ie=UTF8&seller=A1CTCA0JQOEJF1&isAmazonFulfilled=1,"Business Address:
ROOM 2407, NO.1107 Tiantong North Rd
Zhonghe Subdistrict,Yinzhou District
Ningbo
Zhejiang
315040
CN"
https://www.amazon.com/sp?ie=UTF8&seller=A1CVDK1RKY8Y5C&isAmazonFulfilled=1,
https://www.amazon.com/sp?ie=UTF8&seller=A19N0AB5XDVKKM&isAmazonFulfilled=1,"Business Address:
30 N Gould St
Ste 2941
Sheridan
WY
82801
US"
https://www.amazon.com/sp?ie=UTF8&seller=A1BPBYQHM7WYA&isAmazonFulfilled=1,"Business Address:
福田街道卓越时代广场47楼4701
深圳市
福田区
广东省
518000
CN"
https://www.amazon.com/sp?ie=UTF8&seller=A1AM3F3LSCKVWS&isAmazonFulfilled=1,"Business Address:
DongDaLuDongShiChang98Hao
NanAnShiHongLaiZhen
QuanZhou
FuJian
362331
CN"
https://www.amazon.com/sp?ie=UTF8&seller=A18ILZF9VOMT3V&isAmazonFulfilled=1,"Business Address:
ROOM A302, NO 435. HUANGSHIXI ROAD,BAIYUN
GUANGZHOU
GUANGDONG
510000
CN"
https://www.amazon.com/sp?ie=UTF8&seller=A1CVDK1RKY8Y5C&isAmazonFulfilled=1,"Business Address:
qianhaishenganghezuoquqianwanyilu1haoadong201shi
(ruzhushenzhenshiqianhaishangwumishuyouxiangongsi)
shenzhenshi
guangdong
518000
CN"
https://www.amazon.com/sp?ie=UTF8&seller=A16BVEA4TDX1U1&isAmazonFulfilled=1,"Business Address:
滨江区
长河街道滨文路200号1幢4层4098室
杭州
浙江
310000
CN"
https://www.amazon.com/sp?ie=UTF8&seller=A1DRQFDGJWI4UE&isAmazonFulfilled=1,"Business Address:
3334 LONG BEACH ROAD #123
OCEANSIDE
NY
11572
US"
https://www.amazon.com/sp?ie=UTF8&seller=A19NVE4G6SOT2C&isAmazonFulfilled=1,"Business Address:
2818 N. Sullivan
Suite 130
Spokane Valley
WA
99216
US"
https://www.amazon.com/sp?ie=UTF8&seller=A18LUPI5N9ZSKP&isAmazonFulfilled=1,"Business Address:
3101 N Country Club Dr
Apt 306
Aventura
Florida
33180
US"
https://www.amazon.com/sp?ie=UTF8&seller=A1DRQFDGJWI4UE&isAmazonFulfilled=1,"Business Address:
No. 308, Building B1, Yichuang Park,
No. 19, Pusi Road, Taishan Street, Jiangbei New District
Nanjing
Jiangsu
210000
CN"
https://www.amazon.com/sp?ie=UTF8&seller=A1BPC5VKKD5YJL&isAmazonFulfilled=1,"Business Address:
Troitska 9/56
Sumy
40022
UA"
https://www.amazon.com/sp?ie=UTF8&seller=A1DWXUJYGVQ02Y&isAmazonFulfilled=1,"Business Address:
LuoShanJieDaoQianYanSheQu
WeiShengFuWuZhanHengLiDaSha216
QuanZhouShiJinJiangShi
FujianSheng
362216
CN"
https://www.amazon.com/sp?ie=UTF8&seller=A1AMARN7ZQ4SUL&isAmazonFulfilled=1,"Business Address:
霍庄社区四组80号
枣阳市
南城
湖北省
441299
CN"
https://www.amazon.com/sp?ie=UTF8&seller=A1CXQB5FQ5TUN8&isAmazonFulfilled=1,"Business Address:
4 14TH ST UNIT 604
HOBOKEN
New Jersey
07030
US"
https://www.amazon.com/sp?ie=UTF8&seller=A18M0BV5J3J1E2&isAmazonFulfilled=1,"Business Address:
136 E South Temple Suite 1400
Salt Lake City
UT
84111
US"
https://www.amazon.com/sp?ie=UTF8&seller=A1EP40UT4XHGEN&isAmazonFulfilled=1,"Business Address:
龙江镇龙江社区文华路50号假日美域花园
3栋315单元
佛山市
顺德区
广东省
528318
CN"
https://www.amazon.com/sp?ie=UTF8&seller=A19Q3X4FVDACUY&isAmazonFulfilled=1,"Business Address:
2292 Faraday Ave #63
Carlsbad
CA
92008
US"
https://www.amazon.com/sp?ie=UTF8&seller=A1BPDVNKQXRQIC&isAmazonFulfilled=1,"Business Address:
稠江街道铁东南路197号5楼
金华市
义乌市
浙江省
322000
CN"
https://www.amazon.com/sp?ie=UTF8&seller=A1CXZMGW32AU66&isAmazonFulfilled=1,"Business Address:
30 N Gould Street
Suite R
Sheridan
Wyoming
82801
US"
https://www.amazon.com/sp?ie=UTF8&seller=A1AOGJ0MVBGXKJ&isAmazonFulfilled=1,"Business Address:
HUANG BEI JIE DAO
LUO FANG LU NAN FANG DA SHA C ZUO 1802 SHI
SHEN ZHEN
LUO HU QU
GUANG DONG
518000
CN"
https://www.amazon.com/sp?ie=UTF8&seller=A19RD7MH5ER0RK&isAmazonFulfilled=1,"Business Address:
Hongqiao District Fuxing Road
Longchun Residence 24-4-202
Tianjin
Tianjin
300111
CN"
https://www.amazon.com/sp?ie=UTF8&seller=A18N9WRUGAXE2A&isAmazonFulfilled=1,"Business Address:
beiyuanjiedaoliuqing3qu15dong3danyuan302shi
yiwu
zhejiang
322000
CN"
https://www.amazon.com/sp?ie=UTF8&seller=A1DX354X4EX1C0&isAmazonFulfilled=1,"Business Address:
新县城公园北路毅新国际公馆B-1701
梅州
梅县区
广东省
514000
CN"
https://www.amazon.com/sp?ie=UTF8&seller=A1BRNOHI0D956E&isAmazonFulfilled=1,"Business Address:
3 E Evergreen Rd
#318
New City
NY
10956
US"
https://www.amazon.com/sp?ie=UTF8&seller=A1EP6KNOCVAB1R&isAmazonFulfilled=1,"Business Address:
meijiangqu huanandadao jiayingxueyuanjiangnanxiaoqusushe
mei zhou shi
guang dong sheng
514021
CN"
https://www.amazon.com/sp?ie=UTF8&seller=A1DXN92KCKEQV4&isAmazonFulfilled=1,"Business Address:
2021 Transformation Drive
Suite 2500
Lincoln
Nebraska
68508
US"
https://www.amazon.com/sp?ie=UTF8&seller=A18O7MDFDYIESN&isAmazonFulfilled=1,"Business Address:
NO.38 HongLiXi Road
Guangzhou, GuangDong
GuangDong
510700
CN"
https://www.amazon.com/sp?ie=UTF8&seller=A1CZQG1XJTDV5&isAmazonFulfilled=1,"Business Address:
大连路6686号
徽商总部广场A座2603室
合肥市
包河区
安徽省
230041
CN"
https://www.amazon.com/sp?ie=UTF8&seller=A1APHKLBEHD3O9&isAmazonFulfilled=1,"Business Address:
Room 606,Building 38, No.580 Jinshan Road, Cangsha District
Fuzhou
Fujian
350001
CN"
https://www.amazon.com/sp?ie=UTF8&seller=A19RWPW5P4VUJT&isAmazonFulfilled=1,"Business Address:
#A, 2339 Buena Vista Ave
Walnut Creek
CA
94597
US"
https://www.amazon.com/sp?ie=UTF8&seller=A1BTASEG2IAHGT&isAmazonFulfilled=1,"Business Address:
51haokailinshangwuzhongxinbeiqu1danyuan17ceng1711
zimaoshiyanquzhengzhoupianqu(zhengdong)jinshuidonglu
zhengzhou
henan
450000
CN"
https://www.amazon.com/sp?ie=UTF8&seller=A1ARB4TIJUZ9F9&isAmazonFulfilled=1,"Business Address:
Shenzhenshi Longhuaqu Minzhijiedao
Minzhidadao 466 Hao Shaxiacun 70 Dong 201 Shi
Shenzhen
Guangdong
518000
CN"
https://www.amazon.com/sp?ie=UTF8&seller=A1EVPB2W2O8YCF&isAmazonFulfilled=1,"Business Address:
long hua xin qu ban tian jie dao
shen zhen
guang dong
518000
CN"
https://www.amazon.com/sp?ie=UTF8&seller=A18OIGTLRPGOJM&isAmazonFulfilled=1,"Business Address:
公明街道光桥41号华嘉宝大厦6层
深圳市
光明新区
广东省
518000
CN"
https://www.amazon.com/sp?ie=UTF8&seller=A1D0RIT2JEHWZ6&isAmazonFulfilled=1,"Business Address:
11
Eastern Arterial Road
EAST KILLARA
New South Wales
2071
AU"
https://www.amazon.com/sp?ie=UTF8&seller=A19T6N7IVIHJ5X&isAmazonFulfilled=1,"Business Address:
14 Oldway Lane
Slough
SL1 5LF
GB"
https://www.amazon.com/sp?ie=UTF8&seller=A1DY2Z9Z4C5YGX&isAmazonFulfilled=1,"Business Address:
yangguangdiwuji yingchunge 1-5D
longgangqu bantianjiedao
Shenzhenshi
Guangdongsheng
518000
CN"
https://www.amazon.com/sp?ie=UTF8&seller=A1BTNKSQQ2XGLL&isAmazonFulfilled=1,"Business Address:
833 Tennessee St
Lawrence
Kansas
66044
US"
https://www.amazon.com/sp?ie=UTF8&seller=A1ARZALG82KM7A&isAmazonFulfilled=1,"Business Address:
45Hao BeiXianYuJie,DuoZhuJuWei,DuoZhuZhen
HuiDongXian
HuiZhou
GuangDong
516343
CN"
https://www.amazon.com/sp?ie=UTF8&seller=A1EWEMO5PG3KYA&isAmazonFulfilled=1,"Business Address:
taihejiedao
gaoqiaoxilubeishierxiang6hao
guangzhoushi
zhongguo
510540
CN"
https://www.amazon.com/sp?ie=UTF8&seller=A18UZ8OJII3VEM&isAmazonFulfilled=1,"Business Address:
177 Huntington Ave
Ste 17
Boston
MA
02115
US"
https://www.amazon.com/sp?ie=UTF8&seller=A1D0V45I1XWOOZ&isAmazonFulfilled=1,"Business Address:
137 Danbury Rd. # 146
New Milford
CT
06776
US"
https://www.amazon.com/sp?ie=UTF8&seller=A1DYJTOLPFHF9K&isAmazonFulfilled=1,"Business Address:
404 shi, 6 zhuang ,JiuHua lu 2 hao
JiangGanqu
Hangzhou
ZheJiang
310000
CN"
https://www.amazon.com/sp?ie=UTF8&seller=A19TLFIE3ULDSS&isAmazonFulfilled=1,"Business Address:
Minzhijiedao, Minxinshiqu,Minzhidadao 241Hao
Mintaidasha 233
Shenzhen, Longhua
Guangdong
518131
CN"
https://www.amazon.com/sp?ie=UTF8&seller=A1BTT3VDKZJ89T&isAmazonFulfilled=1,"Business Address:
观珠镇背岭村
茂名市
电白区
广东省
525400
CN"
https://www.amazon.com/sp?ie=UTF8&seller=A18WT7705E8ZJO&isAmazonFulfilled=1,"Business Address:
2820 PRAIRIE TRAIL AVE
Aubrey
Texas
76227-1945
US"
https://www.amazon.com/sp?ie=UTF8&seller=A1AS0VT6YJT6NX&isAmazonFulfilled=1,"Business Address:
宇信凯旋城26号楼1单元 501室
南阳
新野县
河南
473500
CN"
https://www.amazon.com/sp?ie=UTF8&seller=A1EWJ4VPL1SU6G&isAmazonFulfilled=1,"Business Address:
1645 East Orangethorpe Avenue
Fullerton
California
92831
US"
https://www.amazon.com/sp?ie=UTF8&seller=A1D1WOE75O7TJ&isAmazonFulfilled=1,"Business Address:
12f-2, No. 312 Shih-sheng Rd, Tzaoying Dist,
Sunnyvale
Kaohsiung
Taiwan
802
TW"
https://www.amazon.com/sp?ie=UTF8&seller=A1DZQKG7QWRSJQ&isAmazonFulfilled=1,"Business Address:
qiwan yinwan nanlu 72 hao 104 shi
Dongqu
zhongshan
guangdong
528400
CN"
https://www.amazon.com/sp?ie=UTF8&seller=A1F02CE4T39Y0R&isAmazonFulfilled=1,"Business Address:
kang le lu 8 hao 326
heng gang jie dao hua le she qu
shen zhen shi
long gang qu
518000
CN"
https://www.amazon.com/sp?ie=UTF8&seller=A19VWF5FAJ9PUL&isAmazonFulfilled=1,"Business Address:
市桥
东环街东沙村汪波三街南3号3栋202之二房（办公）
广州市
番禺区
广东省
511400
CN"
https://www.amazon.com/sp?ie=UTF8&seller=A18XIBC4HF9T2E&isAmazonFulfilled=1,"Business Address:
LONGGANGQU BANTIANJIEDAO BEIERLU
GAOXINJISHUGONGYEYUAN YIHAOZONGHELOU312A
SHEN ZHEN SHI
GUANG DONG
518129
CN"
https://www.amazon.com/sp?ie=UTF8&seller=A1BXJ6IMUVOL1M&isAmazonFulfilled=1,"Business Address:
136 Cypress Point Dr
NAPLES
FL
34105
US"
https://www.amazon.com/sp?ie=UTF8&seller=A1ASRXANZCN5JL&isAmazonFulfilled=1,"Business Address:
4729 The Parkway
HOPE ISLAND
QLD
4212
AU"
https://www.amazon.com/sp?ie=UTF8&seller=A1D3R25CWFZ69W&isAmazonFulfilled=1,"Business Address:
东城街道
望春小区5幢2单元202室
金华市
永康市
浙江
321300
CN"
https://www.amazon.com/sp?ie=UTF8&seller=A19W8APK60LQI6&isAmazonFulfilled=1,"Business Address:
216, pushang avenue, jinshan street,cangshan district
cangshanwanda
fuzhou
China
350000
CN"
https://www.amazon.com/sp?ie=UTF8&seller=A1E0DF37GS08CD&isAmazonFulfilled=1,"Business Address:
111 Cokesburry Rd
Lebanon
NJ
08833
US"
https://www.amazon.com/sp?ie=UTF8&seller=A1F1EJCGHAKITN&isAmazonFulfilled=1,"Business Address:
hengxu textile factory
shangxi industrial district
Yiwu
Zhejiang
322000
CN"
https://www.amazon.com/sp?ie=UTF8&seller=A1BYKRLIFOJMMX&isAmazonFulfilled=1,"Business Address:
xi xiang jie dao shuang long hua yuan 28dong B702
shen zhen
Guang dong
518102
CN"
https://www.amazon.com/sp?ie=UTF8&seller=A1E16GV52S6VWM&isAmazonFulfilled=1,"Business Address:
shenzhenshilonggangqubantianjiedaohebeicunzhongxinglu
mingledashaB1305
shenzhenshi
guangdongsheng
518129
CN"
https://www.amazon.com/sp?ie=UTF8&seller=A1D4JYIXPFHMXT&isAmazonFulfilled=1,"Business Address:
5703 RED BUG LAKE RD SUITE # 132
Suite #132
Winter Springs
Florida
32708-4969
US"
https://www.amazon.com/sp?ie=UTF8&seller=A19YFGERMHFT0O&isAmazonFulfilled=1,"Business Address:
266 Main St
Ste 20-147
Medfield
MA
02052
US"
https://www.amazon.com/sp?ie=UTF8&seller=A1F69SG5TAV3SG&isAmazonFulfilled=1,"Business Address:
大浪街道横朗社区华兴路38号安弘基星耀产业园
5层503单元
深圳市
龙华区
广东省
518000
CN"
https://www.amazon.com/sp?ie=UTF8&seller=A1ATCLLROYH251&isAmazonFulfilled=1,"Business Address:
30 N Gould St,
STE 4000
Sheridan
WY
82801
US"
https://www.amazon.com/sp?ie=UTF8&seller=A19YJYE4VRT9I9&isAmazonFulfilled=1,"Business Address:
23 George Street
Millicent
South Australia
5280
AU"
https://www.amazon.com/sp?ie=UTF8&seller=A1G8JTFV6R66&isAmazonFulfilled=1,"Business Address:
ShenZhenShi LuoHuQu NanHuJieDao HePingSheQu
JiaBinLu4018Hao JueShiDaSha1008
ShenZhenShi
GUANGDONGSHENG
518010
CN"
https://www.amazon.com/sp?ie=UTF8&seller=A1BZIHZ1Q03R2Z&isAmazonFulfilled=1,"Business Address:
Unit 2508A 25/F BANK OF AMERICA TOWER CENTRAL
HOOGKOONG
HK
999077
HK"
https://www.amazon.com/sp?ie=UTF8&seller=A1E1POL2XTD0NG&isAmazonFulfilled=1,"Business Address:
历经铺街道金南社区沙河市场869号
长沙市
宁乡市
湖南省
410600
CN"
https://www.amazon.com/sp?ie=UTF8&seller=A1D72LWXOUXYFX&isAmazonFulfilled=1,"Business Address:
rongchengqumeiyunjiedaobanshichuyunguangcunminweiyuanhui
lvjinweisixiang6hao134-5
jieyangshi
guangdongsheng
522000
CN"
https://www.amazon.com/sp?ie=UTF8&seller=A1F6LBW3MSMUOQ&isAmazonFulfilled=1,"Business Address:
Room 0613, Building 27
Bagua 2nd Road, Yuanling Street
Futian District ShenZhen
GuangDong, China
518028
CN"
https://www.amazon.com/sp?ie=UTF8&seller=A1C713T7B02YX2&isAmazonFulfilled=1,"Business Address:
yangjiangshi jiangchengqu xinjiangbeilu 177hao
yangjiangshi
jiangchengqu
guangdongsheng
529599
CN"
https://www.amazon.com/sp?ie=UTF8&seller=A1ATJ501V8BGAL&isAmazonFulfilled=1,"Business Address:
415, valley V valley, no. 1, yongxiang road, bantian street.
ShenZhen
LongGang
518000
CN"
https://www.amazon.com/sp?ie=UTF8&seller=A1E4I49P7PQ1O1&isAmazonFulfilled=1,"Business Address:
ZHENGBEI INDUSTRIAL ZONE
XIAOSHUN TOWN
JINHUA CITY,ZHEJIANG PROVINCE
321035
CN"
https://www.amazon.com/sp?ie=UTF8&seller=A1D72LWXOUXYFX&isAmazonFulfilled=1,"Business Address:
302 C1 Minkang Building
Minzhi,Baoan District
Shenzhen
Guangdong
518000
CN"
https://www.amazon.com/sp?ie=UTF8&seller=A1A0163V84UKHW&isAmazonFulfilled=1,"Business Address:
Bramfelder Str. 102a
Hamburg
Hamburg
22305
DE"
https://www.amazon.com/sp?ie=UTF8&seller=A1F6QQB5RZ9UVC&isAmazonFulfilled=1,"Business Address:
南城街道东莞大道南城段428号寰宇汇金中心6栋708室（集群注册）
东莞市
南城
广东省
523073
CN"
https://www.amazon.com/sp?ie=UTF8&seller=A1G9K3SHNWYWJ6&isAmazonFulfilled=1,"Business Address:
民治街道民强社区民田路40号宝山工业区
民治社区民福路第4栋405
深圳市
龙华区
广东
518000
CN"
https://www.amazon.com/sp?ie=UTF8&seller=A1E6WYMPPSWRL7&isAmazonFulfilled=1,"Business Address:
FuTianQu FuBaoJieDao FuQiangLu XinGuiHuaCun Sihaolou 203
Fu-qiang Lu, Fu-tian Qu
ShenZhen
Guang Dong
518038
CN"
